Area,Year,Unit,Value
Afghanistan,2010,1000 t,2000.0
Afghanistan,2011,1000 t,2448.0
Afghanistan,2012,1000 t,2001.0
Afghanistan,2013,1000 t,2155.0
Afghanistan,2014,1000 t,1840.0
Afghanistan,2015,1000 t,2424.0
Afghanistan,2016,1000 t,3312.0
Afghanistan,2017,1000 t,4227.0
Afghanistan,2018,1000 t,4141.0
Afghanistan,2019,1000 t,3093.0
Afghanistan,2020,1000 t,3451.0
Afghanistan,2021,1000 t,3500.0
Albania,2010,1000 t,613.0
Albania,2011,1000 t,639.0
Albania,2012,1000 t,596.0
Albania,2013,1000 t,638.0
Albania,2014,1000 t,596.0
Albania,2015,1000 t,613.0
Albania,2016,1000 t,660.0
Albania,2017,1000 t,530.0
Albania,2018,1000 t,575.0
Albania,2019,1000 t,628.0
Albania,2020,1000 t,606.0
Albania,2021,1000 t,571.0
Algeria,2010,1000 t,8083.0
Algeria,2011,1000 t,11226.0
Algeria,2012,1000 t,10078.0
Algeria,2013,1000 t,10347.0
Algeria,2014,1000 t,12625.0
Algeria,2015,1000 t,13986.0
Algeria,2016,1000 t,13525.0
Algeria,2017,1000 t,13048.0
Algeria,2018,1000 t,13227.0
Algeria,2019,1000 t,11968.0
Algeria,2020,1000 t,13242.0
Algeria,2021,1000 t,12764.0
Angola,2010,1000 t,1217.0
Angola,2011,1000 t,1436.0
Angola,2012,1000 t,1701.0
Angola,2013,1000 t,1829.0
Angola,2014,1000 t,2287.0
Angola,2015,1000 t,1966.0
Angola,2016,1000 t,1979.0
Angola,2017,1000 t,2385.0
Angola,2018,1000 t,2267.0
Angola,2019,1000 t,1951.0
Angola,2020,1000 t,2149.0
Angola,2021,1000 t,1925.0
Antigua and Barbuda,2010,1000 t,8.0
Antigua and Barbuda,2011,1000 t,12.0
Antigua and Barbuda,2012,1000 t,12.0
Antigua and Barbuda,2013,1000 t,12.0
Antigua and Barbuda,2014,1000 t,14.0
Antigua and Barbuda,2015,1000 t,12.0
Antigua and Barbuda,2016,1000 t,11.0
Antigua and Barbuda,2017,1000 t,15.0
Antigua and Barbuda,2018,1000 t,16.0
Antigua and Barbuda,2019,1000 t,15.0
Antigua and Barbuda,2020,1000 t,15.0
Antigua and Barbuda,2021,1000 t,12.0
Argentina,2010,1000 t,339.0
Argentina,2011,1000 t,331.0
Argentina,2012,1000 t,279.0
Argentina,2013,1000 t,294.0
Argentina,2014,1000 t,259.0
Argentina,2015,1000 t,216.0
Argentina,2016,1000 t,233.0
Argentina,2017,1000 t,292.0
Argentina,2018,1000 t,269.0
Argentina,2019,1000 t,288.0
Argentina,2020,1000 t,233.0
Argentina,2021,1000 t,224.0
Armenia,2010,1000 t,505.0
Armenia,2011,1000 t,496.0
Armenia,2012,1000 t,577.0
Armenia,2013,1000 t,487.0
Armenia,2014,1000 t,442.0
Armenia,2015,1000 t,450.0
Armenia,2016,1000 t,447.0
Armenia,2017,1000 t,469.0
Armenia,2018,1000 t,559.0
Armenia,2019,1000 t,574.0
Armenia,2020,1000 t,609.0
Armenia,2021,1000 t,502.0
Australia,2010,1000 t,890.0
Australia,2011,1000 t,917.0
Australia,2012,1000 t,897.0
Australia,2013,1000 t,1087.0
Australia,2014,1000 t,1223.0
Australia,2015,1000 t,1276.0
Australia,2016,1000 t,1279.0
Australia,2017,1000 t,1291.0
Australia,2018,1000 t,1351.0
Australia,2019,1000 t,1924.0
Australia,2020,1000 t,2166.0
Australia,2021,1000 t,1600.0
Austria,2010,1000 t,2231.0
Austria,2011,1000 t,2556.0
Austria,2012,1000 t,2255.0
Austria,2013,1000 t,2753.0
Austria,2014,1000 t,3032.0
Austria,2015,1000 t,3190.0
Austria,2016,1000 t,3205.0
Austria,2017,1000 t,3459.0
Austria,2018,1000 t,3198.0
Austria,2019,1000 t,3449.0
Austria,2020,1000 t,3646.0
Austria,2021,1000 t,3697.0
Azerbaijan,2010,1000 t,1661.0
Azerbaijan,2011,1000 t,1761.0
Azerbaijan,2012,1000 t,1693.0
Azerbaijan,2013,1000 t,1881.0
Azerbaijan,2014,1000 t,1659.0
Azerbaijan,2015,1000 t,1767.0
Azerbaijan,2016,1000 t,1832.0
Azerbaijan,2017,1000 t,1581.0
Azerbaijan,2018,1000 t,1323.0
Azerbaijan,2019,1000 t,1906.0
Azerbaijan,2020,1000 t,1721.0
Azerbaijan,2021,1000 t,1449.0
Bahamas,2010,1000 t,44.0
Bahamas,2011,1000 t,33.0
Bahamas,2012,1000 t,62.0
Bahamas,2013,1000 t,71.0
Bahamas,2014,1000 t,53.0
Bahamas,2015,1000 t,60.0
Bahamas,2016,1000 t,54.0
Bahamas,2017,1000 t,40.0
Bahamas,2018,1000 t,54.0
Bahamas,2019,1000 t,53.0
Bahamas,2020,1000 t,52.0
Bahamas,2021,1000 t,58.0
Bahrain,2019,1000 t,309.0
Bahrain,2020,1000 t,395.0
Bahrain,2021,1000 t,297.0
Bangladesh,2010,1000 t,5146.0
Bangladesh,2011,1000 t,5774.0
Bangladesh,2012,1000 t,2490.0
Bangladesh,2013,1000 t,3784.0
Bangladesh,2014,1000 t,4970.0
Bangladesh,2015,1000 t,6077.0
Bangladesh,2016,1000 t,6841.0
Bangladesh,2017,1000 t,11142.0
Bangladesh,2018,1000 t,8246.0
Bangladesh,2019,1000 t,6160.0
Bangladesh,2020,1000 t,10379.0
Bangladesh,2021,1000 t,14368.0
Barbados,2010,1000 t,76.0
Barbados,2011,1000 t,86.0
Barbados,2012,1000 t,79.0
Barbados,2013,1000 t,77.0
Barbados,2014,1000 t,79.0
Barbados,2015,1000 t,74.0
Barbados,2016,1000 t,82.0
Barbados,2017,1000 t,78.0
Barbados,2018,1000 t,79.0
Barbados,2019,1000 t,88.0
Barbados,2020,1000 t,80.0
Barbados,2021,1000 t,75.0
Belarus,2010,1000 t,317.0
Belarus,2011,1000 t,297.0
Belarus,2012,1000 t,688.0
Belarus,2013,1000 t,387.0
Belarus,2014,1000 t,467.0
Belarus,2015,1000 t,293.0
Belarus,2016,1000 t,355.0
Belarus,2017,1000 t,783.0
Belarus,2018,1000 t,1006.0
Belarus,2019,1000 t,1212.0
Belarus,2020,1000 t,598.0
Belarus,2021,1000 t,664.0
Belgium,2010,1000 t,13688.0
Belgium,2011,1000 t,13452.0
Belgium,2012,1000 t,13578.0
Belgium,2013,1000 t,14282.0
Belgium,2014,1000 t,12452.0
Belgium,2015,1000 t,12643.0
Belgium,2016,1000 t,13196.0
Belgium,2017,1000 t,14682.0
Belgium,2018,1000 t,14514.0
Belgium,2019,1000 t,13489.0
Belgium,2020,1000 t,13981.0
Belgium,2021,1000 t,14588.0
Belize,2010,1000 t,34.0
Belize,2011,1000 t,27.0
Belize,2012,1000 t,26.0
Belize,2013,1000 t,29.0
Belize,2014,1000 t,35.0
Belize,2015,1000 t,36.0
Belize,2016,1000 t,40.0
Belize,2017,1000 t,40.0
Belize,2018,1000 t,54.0
Belize,2019,1000 t,52.0
Belize,2020,1000 t,67.0
Belize,2021,1000 t,66.0
Benin,2010,1000 t,984.0
Benin,2011,1000 t,1581.0
Benin,2012,1000 t,1019.0
Benin,2013,1000 t,1540.0
Benin,2014,1000 t,2281.0
Benin,2015,1000 t,1633.0
Benin,2016,1000 t,2370.0
Benin,2017,1000 t,3082.0
Benin,2018,1000 t,2759.0
Benin,2019,1000 t,2555.0
Benin,2020,1000 t,1621.0
Benin,2021,1000 t,2426.0
Bhutan,2019,1000 t,202.0
Bhutan,2020,1000 t,194.0
Bhutan,2021,1000 t,228.0
Bolivia (Plurinational State of),2010,1000 t,502.0
Bolivia (Plurinational State of),2011,1000 t,549.0
Bolivia (Plurinational State of),2012,1000 t,510.0
Bolivia (Plurinational State of),2013,1000 t,481.0
Bolivia (Plurinational State of),2014,1000 t,716.0
Bolivia (Plurinational State of),2015,1000 t,497.0
Bolivia (Plurinational State of),2016,1000 t,760.0
Bolivia (Plurinational State of),2017,1000 t,870.0
Bolivia (Plurinational State of),2018,1000 t,663.0
Bolivia (Plurinational State of),2019,1000 t,684.0
Bolivia (Plurinational State of),2020,1000 t,854.0
Bolivia (Plurinational State of),2021,1000 t,593.0
Bosnia and Herzegovina,2010,1000 t,1285.0
Bosnia and Herzegovina,2011,1000 t,1073.0
Bosnia and Herzegovina,2012,1000 t,1018.0
Bosnia and Herzegovina,2013,1000 t,1055.0
Bosnia and Herzegovina,2014,1000 t,1223.0
Bosnia and Herzegovina,2015,1000 t,1256.0
Bosnia and Herzegovina,2016,1000 t,1370.0
Bosnia and Herzegovina,2017,1000 t,1200.0
Bosnia and Herzegovina,2018,1000 t,1107.0
Bosnia and Herzegovina,2019,1000 t,1028.0
Bosnia and Herzegovina,2020,1000 t,1008.0
Bosnia and Herzegovina,2021,1000 t,866.0
Botswana,2010,1000 t,1138.0
Botswana,2011,1000 t,623.0
Botswana,2012,1000 t,738.0
Botswana,2013,1000 t,997.0
Botswana,2014,1000 t,1072.0
Botswana,2015,1000 t,1425.0
Botswana,2016,1000 t,1378.0
Botswana,2017,1000 t,1033.0
Botswana,2018,1000 t,1326.0
Botswana,2019,1000 t,1345.0
Botswana,2020,1000 t,935.0
Botswana,2021,1000 t,1092.0
Brazil,2010,1000 t,10342.0
Brazil,2011,1000 t,9800.0
Brazil,2012,1000 t,10988.0
Brazil,2013,1000 t,11416.0
Brazil,2014,1000 t,9725.0
Brazil,2015,1000 t,8251.0
Brazil,2016,1000 t,13555.0
Brazil,2017,1000 t,11027.0
Brazil,2018,1000 t,10980.0
Brazil,2019,1000 t,12256.0
Brazil,2020,1000 t,11863.0
Brazil,2021,1000 t,13789.0
Bulgaria,2010,1000 t,649.0
Bulgaria,2011,1000 t,376.0
Bulgaria,2012,1000 t,410.0
Bulgaria,2013,1000 t,391.0
Bulgaria,2014,1000 t,477.0
Bulgaria,2015,1000 t,454.0
Bulgaria,2016,1000 t,432.0
Bulgaria,2017,1000 t,816.0
Bulgaria,2018,1000 t,474.0
Bulgaria,2019,1000 t,451.0
Bulgaria,2020,1000 t,470.0
Bulgaria,2021,1000 t,541.0
Burkina Faso,2010,1000 t,569.0
Burkina Faso,2011,1000 t,640.0
Burkina Faso,2012,1000 t,868.0
Burkina Faso,2013,1000 t,925.0
Burkina Faso,2014,1000 t,796.0
Burkina Faso,2015,1000 t,854.0
Burkina Faso,2016,1000 t,1063.0
Burkina Faso,2017,1000 t,1020.0
Burkina Faso,2018,1000 t,1318.0
Burkina Faso,2019,1000 t,1111.0
Burkina Faso,2020,1000 t,1012.0
Burkina Faso,2021,1000 t,796.0
Burundi,2010,1000 t,89.0
Burundi,2011,1000 t,67.0
Burundi,2012,1000 t,171.0
Burundi,2013,1000 t,114.0
Burundi,2014,1000 t,116.0
Burundi,2015,1000 t,89.0
Burundi,2016,1000 t,135.0
Burundi,2017,1000 t,209.0
Burundi,2018,1000 t,199.0
Burundi,2019,1000 t,220.0
Burundi,2020,1000 t,202.0
Burundi,2021,1000 t,210.0
Cabo Verde,2010,1000 t,114.0
Cabo Verde,2011,1000 t,99.0
Cabo Verde,2012,1000 t,106.0
Cabo Verde,2013,1000 t,120.0
Cabo Verde,2014,1000 t,106.0
Cabo Verde,2015,1000 t,107.0
Cabo Verde,2016,1000 t,113.0
Cabo Verde,2017,1000 t,127.0
Cabo Verde,2018,1000 t,131.0
Cabo Verde,2019,1000 t,132.0
Cabo Verde,2020,1000 t,134.0
Cabo Verde,2021,1000 t,122.0
Cambodia,2010,1000 t,179.0
Cambodia,2011,1000 t,120.0
Cambodia,2012,1000 t,317.0
Cambodia,2013,1000 t,273.0
Cambodia,2014,1000 t,296.0
Cambodia,2015,1000 t,698.0
Cambodia,2016,1000 t,601.0
Cambodia,2017,1000 t,466.0
Cambodia,2018,1000 t,787.0
Cambodia,2019,1000 t,531.0
Cambodia,2020,1000 t,924.0
Cambodia,2021,1000 t,717.0
Cameroon,2010,1000 t,1099.0
Cameroon,2011,1000 t,1336.0
Cameroon,2012,1000 t,1538.0
Cameroon,2013,1000 t,1882.0
Cameroon,2014,1000 t,1674.0
Cameroon,2015,1000 t,1800.0
Cameroon,2016,1000 t,1757.0
Cameroon,2017,1000 t,2000.0
Cameroon,2018,1000 t,1768.0
Cameroon,2019,1000 t,2339.0
Cameroon,2020,1000 t,2021.0
Cameroon,2021,1000 t,2452.0
Canada,2010,1000 t,4726.0
Canada,2011,1000 t,4155.0
Canada,2012,1000 t,4183.0
Canada,2013,1000 t,5092.0
Canada,2014,1000 t,5189.0
Canada,2015,1000 t,5555.0
Canada,2016,1000 t,5583.0
Canada,2017,1000 t,5036.0
Canada,2018,1000 t,6346.0
Canada,2019,1000 t,7057.0
Canada,2020,1000 t,6457.0
Canada,2021,1000 t,7955.0
Central African Republic,2010,1000 t,60.0
Central African Republic,2011,1000 t,61.0
Central African Republic,2012,1000 t,67.0
Central African Republic,2013,1000 t,45.0
Central African Republic,2014,1000 t,56.0
Central African Republic,2015,1000 t,65.0
Central African Republic,2016,1000 t,48.0
Central African Republic,2017,1000 t,44.0
Central African Republic,2018,1000 t,49.0
Central African Republic,2019,1000 t,55.0
Central African Republic,2020,1000 t,54.0
Central African Republic,2021,1000 t,48.0
Chad,2010,1000 t,216.0
Chad,2011,1000 t,179.0
Chad,2012,1000 t,168.0
Chad,2013,1000 t,169.0
Chad,2014,1000 t,151.0
Chad,2015,1000 t,172.0
Chad,2016,1000 t,191.0
Chad,2017,1000 t,144.0
Chad,2018,1000 t,128.0
Chad,2019,1000 t,122.0
Chad,2020,1000 t,126.0
Chad,2021,1000 t,109.0
Chile,2010,1000 t,2699.0
Chile,2011,1000 t,2827.0
Chile,2012,1000 t,3271.0
Chile,2013,1000 t,3191.0
Chile,2014,1000 t,3209.0
Chile,2015,1000 t,3359.0
Chile,2016,1000 t,2936.0
Chile,2017,1000 t,3732.0
Chile,2018,1000 t,3970.0
Chile,2019,1000 t,4323.0
Chile,2020,1000 t,4907.0
Chile,2021,1000 t,5029.0
China,2010,1000 t,14798.0
China,2011,1000 t,13814.0
China,2012,1000 t,23458.0
China,2013,1000 t,23813.0
China,2014,1000 t,29622.0
China,2015,1000 t,43503.0
China,2016,1000 t,33019.0
China,2017,1000 t,38029.0
China,2018,1000 t,32615.0
China,2019,1000 t,30656.0
China,2020,1000 t,49374.0
China,2021,1000 t,81439.0
"China, Hong Kong SAR",2010,1000 t,1151.0
"China, Hong Kong SAR",2011,1000 t,1200.0
"China, Hong Kong SAR",2012,1000 t,1185.0
"China, Hong Kong SAR",2013,1000 t,1219.0
"China, Hong Kong SAR",2014,1000 t,1253.0
"China, Hong Kong SAR",2015,1000 t,1207.0
"China, Hong Kong SAR",2016,1000 t,1213.0
"China, Hong Kong SAR",2017,1000 t,1205.0
"China, Hong Kong SAR",2018,1000 t,1220.0
"China, Hong Kong SAR",2019,1000 t,1153.0
"China, Hong Kong SAR",2020,1000 t,1126.0
"China, Hong Kong SAR",2021,1000 t,1077.0
"China, Macao SAR",2010,1000 t,70.0
"China, Macao SAR",2011,1000 t,79.0
"China, Macao SAR",2012,1000 t,82.0
"China, Macao SAR",2013,1000 t,85.0
"China, Macao SAR",2014,1000 t,100.0
"China, Macao SAR",2015,1000 t,106.0
"China, Macao SAR",2016,1000 t,101.0
"China, Macao SAR",2017,1000 t,84.0
"China, Macao SAR",2018,1000 t,105.0
"China, Macao SAR",2019,1000 t,104.0
"China, Macao SAR",2020,1000 t,59.0
"China, Macao SAR",2021,1000 t,68.0
"China, Taiwan Province of",2010,1000 t,7356.0
"China, Taiwan Province of",2011,1000 t,6508.0
"China, Taiwan Province of",2012,1000 t,6671.0
"China, Taiwan Province of",2013,1000 t,6268.0
"China, Taiwan Province of",2014,1000 t,6283.0
"China, Taiwan Province of",2015,1000 t,6369.0
"China, Taiwan Province of",2016,1000 t,6517.0
"China, Taiwan Province of",2017,1000 t,6840.0
"China, Taiwan Province of",2018,1000 t,6364.0
"China, Taiwan Province of",2019,1000 t,7153.0
"China, Taiwan Province of",2020,1000 t,6798.0
"China, Taiwan Province of",2021,1000 t,6581.0
"China, mainland",2010,1000 t,6221.0
"China, mainland",2011,1000 t,6027.0
"China, mainland",2012,1000 t,15520.0
"China, mainland",2013,1000 t,16242.0
"China, mainland",2014,1000 t,21986.0
"China, mainland",2015,1000 t,35821.0
"China, mainland",2016,1000 t,25188.0
"China, mainland",2017,1000 t,29900.0
"China, mainland",2018,1000 t,24926.0
"China, mainland",2019,1000 t,22246.0
"China, mainland",2020,1000 t,41390.0
"China, mainland",2021,1000 t,73714.0
Colombia,2010,1000 t,5625.0
Colombia,2011,1000 t,5761.0
Colombia,2012,1000 t,6255.0
Colombia,2013,1000 t,6269.0
Colombia,2014,1000 t,6527.0
Colombia,2015,1000 t,7395.0
Colombia,2016,1000 t,7773.0
Colombia,2017,1000 t,7574.0
Colombia,2018,1000 t,7998.0
Colombia,2019,1000 t,8847.0
Colombia,2020,1000 t,9141.0
Colombia,2021,1000 t,8769.0
Comoros,2010,1000 t,80.0
Comoros,2011,1000 t,56.0
Comoros,2012,1000 t,96.0
Comoros,2013,1000 t,59.0
Comoros,2014,1000 t,88.0
Comoros,2015,1000 t,55.0
Comoros,2016,1000 t,45.0
Comoros,2017,1000 t,53.0
Comoros,2018,1000 t,93.0
Comoros,2019,1000 t,88.0
Comoros,2020,1000 t,85.0
Comoros,2021,1000 t,262.0
Congo,2010,1000 t,283.0
Congo,2011,1000 t,451.0
Congo,2012,1000 t,234.0
Congo,2013,1000 t,277.0
Congo,2014,1000 t,306.0
Congo,2015,1000 t,302.0
Congo,2016,1000 t,334.0
Congo,2017,1000 t,429.0
Congo,2018,1000 t,368.0
Congo,2019,1000 t,405.0
Congo,2020,1000 t,400.0
Congo,2021,1000 t,470.0
Costa Rica,2010,1000 t,1093.0
Costa Rica,2011,1000 t,1064.0
Costa Rica,2012,1000 t,1149.0
Costa Rica,2013,1000 t,1203.0
Costa Rica,2014,1000 t,1309.0
Costa Rica,2015,1000 t,1351.0
Costa Rica,2016,1000 t,1448.0
Costa Rica,2017,1000 t,1479.0
Costa Rica,2018,1000 t,1513.0
Costa Rica,2019,1000 t,1608.0
Costa Rica,2020,1000 t,1632.0
Costa Rica,2021,1000 t,1681.0
Croatia,2010,1000 t,281.0
Croatia,2011,1000 t,326.0
Croatia,2012,1000 t,291.0
Croatia,2013,1000 t,308.0
Croatia,2014,1000 t,470.0
Croatia,2015,1000 t,465.0
Croatia,2016,1000 t,475.0
Croatia,2017,1000 t,546.0
Croatia,2018,1000 t,640.0
Croatia,2019,1000 t,597.0
Croatia,2020,1000 t,633.0
Croatia,2021,1000 t,625.0
Cuba,2010,1000 t,2122.0
Cuba,2011,1000 t,2165.0
Cuba,2012,1000 t,2044.0
Cuba,2013,1000 t,3297.0
Cuba,2014,1000 t,3529.0
Cuba,2015,1000 t,3725.0
Cuba,2016,1000 t,3835.0
Cuba,2017,1000 t,3683.0
Cuba,2018,1000 t,3452.0
Cuba,2019,1000 t,3536.0
Cuba,2020,1000 t,3375.0
Cuba,2021,1000 t,3137.0
Cyprus,2010,1000 t,578.0
Cyprus,2011,1000 t,594.0
Cyprus,2012,1000 t,511.0
Cyprus,2013,1000 t,547.0
Cyprus,2014,1000 t,636.0
Cyprus,2015,1000 t,568.0
Cyprus,2016,1000 t,581.0
Cyprus,2017,1000 t,628.0
Cyprus,2018,1000 t,628.0
Cyprus,2019,1000 t,635.0
Cyprus,2020,1000 t,618.0
Cyprus,2021,1000 t,713.0
Czechia,2010,1000 t,762.0
Czechia,2011,1000 t,814.0
Czechia,2012,1000 t,869.0
Czechia,2013,1000 t,894.0
Czechia,2014,1000 t,936.0
Czechia,2015,1000 t,929.0
Czechia,2016,1000 t,978.0
Czechia,2017,1000 t,1106.0
Czechia,2018,1000 t,1207.0
Czechia,2019,1000 t,1301.0
Czechia,2020,1000 t,1200.0
Czechia,2021,1000 t,1311.0
Côte d'Ivoire,2010,1000 t,2032.0
Côte d'Ivoire,2011,1000 t,2133.0
Côte d'Ivoire,2012,1000 t,2791.0
Côte d'Ivoire,2013,1000 t,1973.0
Côte d'Ivoire,2014,1000 t,2263.0
Côte d'Ivoire,2015,1000 t,2600.0
Côte d'Ivoire,2016,1000 t,2929.0
Côte d'Ivoire,2017,1000 t,3092.0
Côte d'Ivoire,2018,1000 t,3376.0
Côte d'Ivoire,2019,1000 t,3115.0
Côte d'Ivoire,2020,1000 t,2756.0
Côte d'Ivoire,2021,1000 t,3160.0
Democratic People's Republic of Korea,2010,1000 t,484.0
Democratic People's Republic of Korea,2011,1000 t,602.0
Democratic People's Republic of Korea,2012,1000 t,849.0
Democratic People's Republic of Korea,2013,1000 t,816.0
Democratic People's Republic of Korea,2014,1000 t,930.0
Democratic People's Republic of Korea,2015,1000 t,976.0
Democratic People's Republic of Korea,2016,1000 t,985.0
Democratic People's Republic of Korea,2017,1000 t,956.0
Democratic People's Republic of Korea,2018,1000 t,946.0
Democratic People's Republic of Korea,2019,1000 t,1094.0
Democratic People's Republic of Korea,2020,1000 t,309.0
Democratic People's Republic of Korea,2021,1000 t,281.0
Democratic Republic of the Congo,2010,1000 t,922.0
Democratic Republic of the Congo,2011,1000 t,888.0
Democratic Republic of the Congo,2012,1000 t,640.0
Democratic Republic of the Congo,2013,1000 t,829.0
Democratic Republic of the Congo,2014,1000 t,896.0
Democratic Republic of the Congo,2015,1000 t,902.0
Democratic Republic of the Congo,2016,1000 t,704.0
Democratic Republic of the Congo,2017,1000 t,1021.0
Democratic Republic of the Congo,2018,1000 t,979.0
Democratic Republic of the Congo,2019,1000 t,1093.0
Democratic Republic of the Congo,2020,1000 t,989.0
Democratic Republic of the Congo,2021,1000 t,1002.0
Denmark,2010,1000 t,1539.0
Denmark,2011,1000 t,1524.0
Denmark,2012,1000 t,1597.0
Denmark,2013,1000 t,1597.0
Denmark,2014,1000 t,1425.0
Denmark,2015,1000 t,1487.0
Denmark,2016,1000 t,1483.0
Denmark,2017,1000 t,1452.0
Denmark,2018,1000 t,1872.0
Denmark,2019,1000 t,1738.0
Denmark,2020,1000 t,1439.0
Denmark,2021,1000 t,1345.0
Djibouti,2010,1000 t,196.0
Djibouti,2011,1000 t,658.0
Djibouti,2012,1000 t,782.0
Djibouti,2013,1000 t,934.0
Djibouti,2014,1000 t,855.0
Djibouti,2015,1000 t,910.0
Djibouti,2016,1000 t,638.0
Djibouti,2017,1000 t,1183.0
Djibouti,2018,1000 t,441.0
Djibouti,2019,1000 t,1109.0
Djibouti,2020,1000 t,246.0
Djibouti,2021,1000 t,1954.0
Dominica,2010,1000 t,1.0
Dominica,2011,1000 t,2.0
Dominica,2012,1000 t,2.0
Dominica,2013,1000 t,3.0
Dominica,2014,1000 t,6.0
Dominica,2015,1000 t,6.0
Dominica,2016,1000 t,5.0
Dominica,2017,1000 t,2.0
Dominica,2018,1000 t,1.0
Dominica,2019,1000 t,6.0
Dominica,2020,1000 t,2.0
Dominica,2021,1000 t,6.0
Dominican Republic,2010,1000 t,1854.0
Dominican Republic,2011,1000 t,1792.0
Dominican Republic,2012,1000 t,1765.0
Dominican Republic,2013,1000 t,1636.0
Dominican Republic,2014,1000 t,1831.0
Dominican Republic,2015,1000 t,1960.0
Dominican Republic,2016,1000 t,1998.0
Dominican Republic,2017,1000 t,2066.0
Dominican Republic,2018,1000 t,2236.0
Dominican Republic,2019,1000 t,2259.0
Dominican Republic,2020,1000 t,2124.0
Dominican Republic,2021,1000 t,2266.0
Ecuador,2010,1000 t,1544.0
Ecuador,2011,1000 t,1504.0
Ecuador,2012,1000 t,1360.0
Ecuador,2013,1000 t,972.0
Ecuador,2014,1000 t,1229.0
Ecuador,2015,1000 t,1348.0
Ecuador,2016,1000 t,1355.0
Ecuador,2017,1000 t,1631.0
Ecuador,2018,1000 t,1661.0
Ecuador,2019,1000 t,1774.0
Ecuador,2020,1000 t,1840.0
Ecuador,2021,1000 t,2012.0
Egypt,2010,1000 t,17346.0
Egypt,2011,1000 t,20845.0
Egypt,2012,1000 t,17376.0
Egypt,2013,1000 t,21515.0
Egypt,2014,1000 t,22514.0
Egypt,2015,1000 t,20786.0
Egypt,2016,1000 t,21175.0
Egypt,2017,1000 t,21866.0
Egypt,2018,1000 t,21200.0
Egypt,2019,1000 t,21898.0
Egypt,2020,1000 t,20168.0
Egypt,2021,1000 t,15516.0
El Salvador,2010,1000 t,917.0
El Salvador,2011,1000 t,1104.0
El Salvador,2012,1000 t,952.0
El Salvador,2013,1000 t,811.0
El Salvador,2014,1000 t,945.0
El Salvador,2015,1000 t,1140.0
El Salvador,2016,1000 t,1274.0
El Salvador,2017,1000 t,1053.0
El Salvador,2018,1000 t,1237.0
El Salvador,2019,1000 t,1446.0
El Salvador,2020,1000 t,1349.0
El Salvador,2021,1000 t,1240.0
Estonia,2010,1000 t,179.0
Estonia,2011,1000 t,218.0
Estonia,2012,1000 t,199.0
Estonia,2013,1000 t,268.0
Estonia,2014,1000 t,216.0
Estonia,2015,1000 t,202.0
Estonia,2016,1000 t,165.0
Estonia,2017,1000 t,209.0
Estonia,2018,1000 t,201.0
Estonia,2019,1000 t,201.0
Estonia,2020,1000 t,192.0
Estonia,2021,1000 t,202.0
Eswatini,2010,1000 t,159.0
Eswatini,2011,1000 t,179.0
Eswatini,2012,1000 t,290.0
Eswatini,2013,1000 t,196.0
Eswatini,2014,1000 t,204.0
Eswatini,2015,1000 t,210.0
Eswatini,2016,1000 t,280.0
Eswatini,2017,1000 t,273.0
Eswatini,2018,1000 t,289.0
Eswatini,2019,1000 t,314.0
Eswatini,2020,1000 t,355.0
Eswatini,2021,1000 t,343.0
Ethiopia,2010,1000 t,2263.0
Ethiopia,2011,1000 t,1995.0
Ethiopia,2012,1000 t,1291.0
Ethiopia,2013,1000 t,1191.0
Ethiopia,2014,1000 t,1732.0
Ethiopia,2015,1000 t,2227.0
Ethiopia,2016,1000 t,3560.0
Ethiopia,2017,1000 t,2352.0
Ethiopia,2018,1000 t,2746.0
Ethiopia,2019,1000 t,2680.0
Ethiopia,2020,1000 t,3556.0
Ethiopia,2021,1000 t,4376.0
Fiji,2010,1000 t,169.0
Fiji,2011,1000 t,161.0
Fiji,2012,1000 t,221.0
Fiji,2013,1000 t,229.0
Fiji,2014,1000 t,168.0
Fiji,2015,1000 t,164.0
Fiji,2016,1000 t,218.0
Fiji,2017,1000 t,128.0
Fiji,2018,1000 t,142.0
Fiji,2019,1000 t,246.0
Fiji,2020,1000 t,239.0
Fiji,2021,1000 t,215.0
Finland,2010,1000 t,407.0
Finland,2011,1000 t,372.0
Finland,2012,1000 t,457.0
Finland,2013,1000 t,454.0
Finland,2014,1000 t,415.0
Finland,2015,1000 t,408.0
Finland,2016,1000 t,411.0
Finland,2017,1000 t,446.0
Finland,2018,1000 t,510.0
Finland,2019,1000 t,467.0
Finland,2020,1000 t,447.0
Finland,2021,1000 t,507.0
France,2010,1000 t,5516.0
France,2011,1000 t,5831.0
France,2012,1000 t,5578.0
France,2013,1000 t,5456.0
France,2014,1000 t,5806.0
France,2015,1000 t,5784.0
France,2016,1000 t,6258.0
France,2017,1000 t,6473.0
France,2018,1000 t,5938.0
France,2019,1000 t,6325.0
France,2020,1000 t,6156.0
France,2021,1000 t,6362.0
French Polynesia,2010,1000 t,55.0
French Polynesia,2011,1000 t,53.0
French Polynesia,2012,1000 t,53.0
French Polynesia,2013,1000 t,50.0
French Polynesia,2014,1000 t,69.0
French Polynesia,2015,1000 t,70.0
French Polynesia,2016,1000 t,62.0
French Polynesia,2017,1000 t,69.0
French Polynesia,2018,1000 t,87.0
French Polynesia,2019,1000 t,68.0
French Polynesia,2020,1000 t,71.0
French Polynesia,2021,1000 t,48.0
Gabon,2010,1000 t,218.0
Gabon,2011,1000 t,235.0
Gabon,2012,1000 t,249.0
Gabon,2013,1000 t,287.0
Gabon,2014,1000 t,231.0
Gabon,2015,1000 t,279.0
Gabon,2016,1000 t,263.0
Gabon,2017,1000 t,240.0
Gabon,2018,1000 t,271.0
Gabon,2019,1000 t,248.0
Gabon,2020,1000 t,342.0
Gabon,2021,1000 t,285.0
Gambia,2010,1000 t,262.0
Gambia,2011,1000 t,160.0
Gambia,2012,1000 t,176.0
Gambia,2013,1000 t,153.0
Gambia,2014,1000 t,189.0
Gambia,2015,1000 t,197.0
Gambia,2016,1000 t,207.0
Gambia,2017,1000 t,270.0
Gambia,2018,1000 t,307.0
Gambia,2019,1000 t,232.0
Gambia,2020,1000 t,325.0
Gambia,2021,1000 t,946.0
Georgia,2010,1000 t,1019.0
Georgia,2011,1000 t,853.0
Georgia,2012,1000 t,1110.0
Georgia,2013,1000 t,948.0
Georgia,2014,1000 t,833.0
Georgia,2015,1000 t,863.0
Georgia,2016,1000 t,777.0
Georgia,2017,1000 t,802.0
Georgia,2018,1000 t,878.0
Georgia,2019,1000 t,811.0
Georgia,2020,1000 t,827.0
Georgia,2021,1000 t,706.0
Germany,2010,1000 t,12454.0
Germany,2011,1000 t,13972.0
Germany,2012,1000 t,13676.0
Germany,2013,1000 t,14062.0
Germany,2014,1000 t,16571.0
Germany,2015,1000 t,16671.0
Germany,2016,1000 t,16034.0
Germany,2017,1000 t,16886.0
Germany,2018,1000 t,18262.0
Germany,2019,1000 t,18356.0
Germany,2020,1000 t,19944.0
Germany,2021,1000 t,19022.0
Ghana,2010,1000 t,1033.0
Ghana,2011,1000 t,1514.0
Ghana,2012,1000 t,1297.0
Ghana,2013,1000 t,1595.0
Ghana,2014,1000 t,1549.0
Ghana,2015,1000 t,1930.0
Ghana,2016,1000 t,1983.0
Ghana,2017,1000 t,2869.0
Ghana,2018,1000 t,2832.0
Ghana,2019,1000 t,3150.0
Ghana,2020,1000 t,3278.0
Ghana,2021,1000 t,2954.0
Greece,2010,1000 t,2109.0
Greece,2011,1000 t,2587.0
Greece,2012,1000 t,1997.0
Greece,2013,1000 t,2237.0
Greece,2014,1000 t,2153.0
Greece,2015,1000 t,2133.0
Greece,2016,1000 t,2596.0
Greece,2017,1000 t,2783.0
Greece,2018,1000 t,2711.0
Greece,2019,1000 t,2720.0
Greece,2020,1000 t,2394.0
Greece,2021,1000 t,2844.0
Grenada,2010,1000 t,32.0
Grenada,2011,1000 t,37.0
Grenada,2012,1000 t,28.0
Grenada,2013,1000 t,23.0
Grenada,2014,1000 t,27.0
Grenada,2015,1000 t,27.0
Grenada,2016,1000 t,30.0
Grenada,2017,1000 t,28.0
Grenada,2018,1000 t,27.0
Grenada,2019,1000 t,26.0
Grenada,2020,1000 t,17.0
Grenada,2021,1000 t,48.0
Guatemala,2010,1000 t,1484.0
Guatemala,2011,1000 t,1616.0
Guatemala,2012,1000 t,1645.0
Guatemala,2013,1000 t,1607.0
Guatemala,2014,1000 t,1860.0
Guatemala,2015,1000 t,2028.0
Guatemala,2016,1000 t,2055.0
Guatemala,2017,1000 t,2204.0
Guatemala,2018,1000 t,2202.0
Guatemala,2019,1000 t,2552.0
Guatemala,2020,1000 t,2869.0
Guatemala,2021,1000 t,2798.0
Guinea,2010,1000 t,571.0
Guinea,2011,1000 t,457.0
Guinea,2012,1000 t,805.0
Guinea,2013,1000 t,836.0
Guinea,2014,1000 t,1597.0
Guinea,2015,1000 t,1246.0
Guinea,2016,1000 t,1630.0
Guinea,2017,1000 t,1433.0
Guinea,2018,1000 t,1866.0
Guinea,2019,1000 t,1333.0
Guinea,2020,1000 t,1524.0
Guinea,2021,1000 t,2025.0
Guinea-Bissau,2010,1000 t,80.0
Guinea-Bissau,2011,1000 t,90.0
Guinea-Bissau,2012,1000 t,92.0
Guinea-Bissau,2013,1000 t,105.0
Guinea-Bissau,2014,1000 t,97.0
Guinea-Bissau,2015,1000 t,100.0
Guinea-Bissau,2016,1000 t,109.0
Guinea-Bissau,2017,1000 t,199.0
Guinea-Bissau,2018,1000 t,175.0
Guinea-Bissau,2019,1000 t,146.0
Guinea-Bissau,2020,1000 t,192.0
Guinea-Bissau,2021,1000 t,318.0
Guyana,2010,1000 t,94.0
Guyana,2011,1000 t,95.0
Guyana,2012,1000 t,115.0
Guyana,2013,1000 t,104.0
Guyana,2014,1000 t,113.0
Guyana,2015,1000 t,114.0
Guyana,2016,1000 t,112.0
Guyana,2017,1000 t,105.0
Guyana,2018,1000 t,120.0
Guyana,2019,1000 t,72.0
Guyana,2020,1000 t,99.0
Guyana,2021,1000 t,136.0
Haiti,2010,1000 t,1052.0
Haiti,2011,1000 t,740.0
Haiti,2012,1000 t,781.0
Haiti,2013,1000 t,726.0
Haiti,2014,1000 t,1039.0
Haiti,2015,1000 t,1184.0
Haiti,2016,1000 t,1131.0
Haiti,2017,1000 t,1463.0
Haiti,2018,1000 t,1161.0
Haiti,2019,1000 t,1319.0
Haiti,2020,1000 t,1392.0
Haiti,2021,1000 t,1220.0
Honduras,2010,1000 t,886.0
Honduras,2011,1000 t,1096.0
Honduras,2012,1000 t,1020.0
Honduras,2013,1000 t,1063.0
Honduras,2014,1000 t,1075.0
Honduras,2015,1000 t,1285.0
Honduras,2016,1000 t,1403.0
Honduras,2017,1000 t,1178.0
Honduras,2018,1000 t,1522.0
Honduras,2019,1000 t,1489.0
Honduras,2020,1000 t,1518.0
Honduras,2021,1000 t,1492.0
Hungary,2010,1000 t,563.0
Hungary,2011,1000 t,949.0
Hungary,2012,1000 t,976.0
Hungary,2013,1000 t,972.0
Hungary,2014,1000 t,1075.0
Hungary,2015,1000 t,1038.0
Hungary,2016,1000 t,1198.0
Hungary,2017,1000 t,1110.0
Hungary,2018,1000 t,1041.0
Hungary,2019,1000 t,1188.0
Hungary,2020,1000 t,1121.0
Hungary,2021,1000 t,1505.0
Iceland,2010,1000 t,117.0
Iceland,2011,1000 t,108.0
Iceland,2012,1000 t,114.0
Iceland,2013,1000 t,119.0
Iceland,2014,1000 t,122.0
Iceland,2015,1000 t,134.0
Iceland,2016,1000 t,138.0
Iceland,2017,1000 t,143.0
Iceland,2018,1000 t,150.0
Iceland,2019,1000 t,143.0
Iceland,2020,1000 t,143.0
Iceland,2021,1000 t,139.0
India,2010,1000 t,305.0
India,2011,1000 t,133.0
India,2012,1000 t,194.0
India,2013,1000 t,537.0
India,2014,1000 t,428.0
India,2015,1000 t,887.0
India,2016,1000 t,2616.0
India,2017,1000 t,5958.0
India,2018,1000 t,684.0
India,2019,1000 t,1019.0
India,2020,1000 t,696.0
India,2021,1000 t,469.0
Indonesia,2010,1000 t,9351.0
Indonesia,2011,1000 t,14831.0
Indonesia,2012,1000 t,12062.0
Indonesia,2013,1000 t,11449.0
Indonesia,2014,1000 t,12742.0
Indonesia,2015,1000 t,12866.0
Indonesia,2016,1000 t,14549.0
Indonesia,2017,1000 t,12219.0
Indonesia,2018,1000 t,15673.0
Indonesia,2019,1000 t,13948.0
Indonesia,2020,1000 t,12961.0
Indonesia,2021,1000 t,14037.0
Iran (Islamic Republic of),2010,1000 t,10657.0
Iran (Islamic Republic of),2011,1000 t,6926.0
Iran (Islamic Republic of),2012,1000 t,13686.0
Iran (Islamic Republic of),2013,1000 t,13077.0
Iran (Islamic Republic of),2014,1000 t,17876.0
Iran (Islamic Republic of),2015,1000 t,12511.0
Iran (Islamic Republic of),2016,1000 t,11090.0
Iran (Islamic Republic of),2017,1000 t,12502.0
Iran (Islamic Republic of),2018,1000 t,14619.0
Iran (Islamic Republic of),2019,1000 t,13378.0
Iran (Islamic Republic of),2020,1000 t,16833.0
Iran (Islamic Republic of),2021,1000 t,21619.0
Iraq,2010,1000 t,4629.0
Iraq,2011,1000 t,5677.0
Iraq,2012,1000 t,5806.0
Iraq,2013,1000 t,5653.0
Iraq,2014,1000 t,4129.0
Iraq,2015,1000 t,4110.0
Iraq,2016,1000 t,4153.0
Iraq,2017,1000 t,6081.0
Iraq,2018,1000 t,8542.0
Iraq,2019,1000 t,6460.0
Iraq,2020,1000 t,4653.0
Iraq,2021,1000 t,6692.0
Ireland,2010,1000 t,2695.0
Ireland,2011,1000 t,1966.0
Ireland,2012,1000 t,2718.0
Ireland,2013,1000 t,3018.0
Ireland,2014,1000 t,2731.0
Ireland,2015,1000 t,2791.0
Ireland,2016,1000 t,3215.0
Ireland,2017,1000 t,3701.0
Ireland,2018,1000 t,5124.0
Ireland,2019,1000 t,4212.0
Ireland,2020,1000 t,4106.0
Ireland,2021,1000 t,4016.0
Israel,2010,1000 t,3804.0
Israel,2011,1000 t,3719.0
Israel,2012,1000 t,4729.0
Israel,2013,1000 t,4968.0
Israel,2014,1000 t,5454.0
Israel,2015,1000 t,4929.0
Israel,2016,1000 t,4917.0
Israel,2017,1000 t,4697.0
Israel,2018,1000 t,4319.0
Israel,2019,1000 t,5151.0
Israel,2020,1000 t,5805.0
Israel,2021,1000 t,5417.0
Italy,2010,1000 t,13173.0
Italy,2011,1000 t,13892.0
Italy,2012,1000 t,12061.0
Italy,2013,1000 t,13267.0
Italy,2014,1000 t,15902.0
Italy,2015,1000 t,14818.0
Italy,2016,1000 t,16141.0
Italy,2017,1000 t,17082.0
Italy,2018,1000 t,17493.0
Italy,2019,1000 t,17470.0
Italy,2020,1000 t,17923.0
Italy,2021,1000 t,16497.0
Jamaica,2010,1000 t,537.0
Jamaica,2011,1000 t,613.0
Jamaica,2012,1000 t,580.0
Jamaica,2013,1000 t,647.0
Jamaica,2014,1000 t,659.0
Jamaica,2015,1000 t,570.0
Jamaica,2016,1000 t,940.0
Jamaica,2017,1000 t,804.0
Jamaica,2018,1000 t,828.0
Jamaica,2019,1000 t,863.0
Jamaica,2020,1000 t,713.0
Jamaica,2021,1000 t,833.0
Japan,2010,1000 t,28321.0
Japan,2011,1000 t,28003.0
Japan,2012,1000 t,27255.0
Japan,2013,1000 t,27444.0
Japan,2014,1000 t,26299.0
Japan,2015,1000 t,25416.0
Japan,2016,1000 t,25715.0
Japan,2017,1000 t,25037.0
Japan,2018,1000 t,26522.0
Japan,2019,1000 t,26088.0
Japan,2020,1000 t,25947.0
Japan,2021,1000 t,25040.0
Jordan,2010,1000 t,2093.0
Jordan,2011,1000 t,2445.0
Jordan,2012,1000 t,2640.0
Jordan,2013,1000 t,2905.0
Jordan,2014,1000 t,3811.0
Jordan,2015,1000 t,3283.0
Jordan,2016,1000 t,4009.0
Jordan,2017,1000 t,4317.0
Jordan,2018,1000 t,3582.0
Jordan,2019,1000 t,3474.0
Jordan,2020,1000 t,2806.0
Jordan,2021,1000 t,2913.0
Kazakhstan,2010,1000 t,214.0
Kazakhstan,2011,1000 t,388.0
Kazakhstan,2012,1000 t,415.0
Kazakhstan,2013,1000 t,378.0
Kazakhstan,2014,1000 t,395.0
Kazakhstan,2015,1000 t,516.0
Kazakhstan,2016,1000 t,362.0
Kazakhstan,2017,1000 t,378.0
Kazakhstan,2018,1000 t,541.0
Kazakhstan,2019,1000 t,921.0
Kazakhstan,2020,1000 t,1554.0
Kazakhstan,2021,1000 t,1983.0
Kenya,2010,1000 t,1922.0
Kenya,2011,1000 t,4036.0
Kenya,2012,1000 t,3722.0
Kenya,2013,1000 t,2280.0
Kenya,2014,1000 t,3505.0
Kenya,2015,1000 t,3656.0
Kenya,2016,1000 t,3917.0
Kenya,2017,1000 t,5306.0
Kenya,2018,1000 t,3953.0
Kenya,2019,1000 t,3822.0
Kenya,2020,1000 t,3970.0
Kenya,2021,1000 t,4663.0
Kiribati,2010,1000 t,3.2793406593406593
Kiribati,2011,1000 t,3.2793406593406593
Kiribati,2012,1000 t,3.2793406593406593
Kiribati,2013,1000 t,3.2793406593406593
Kiribati,2014,1000 t,14.0
Kiribati,2015,1000 t,16.0
Kiribati,2016,1000 t,5.0
Kiribati,2017,1000 t,3.2793406593406593
Kiribati,2018,1000 t,3.2793406593406593
Kiribati,2019,1000 t,8.0
Kiribati,2020,1000 t,1.0
Kiribati,2021,1000 t,15.0
Kuwait,2010,1000 t,1015.0
Kuwait,2011,1000 t,1097.0
Kuwait,2012,1000 t,1081.0
Kuwait,2013,1000 t,1318.0
Kuwait,2014,1000 t,1719.0
Kuwait,2015,1000 t,1386.0
Kuwait,2016,1000 t,1523.0
Kuwait,2017,1000 t,1823.0
Kuwait,2018,1000 t,1294.0
Kuwait,2019,1000 t,1728.0
Kuwait,2020,1000 t,1656.0
Kuwait,2021,1000 t,1646.0
Kyrgyzstan,2010,1000 t,516.0
Kyrgyzstan,2011,1000 t,593.0
Kyrgyzstan,2012,1000 t,746.0
Kyrgyzstan,2013,1000 t,690.0
Kyrgyzstan,2014,1000 t,661.0
Kyrgyzstan,2015,1000 t,497.0
Kyrgyzstan,2016,1000 t,307.0
Kyrgyzstan,2017,1000 t,565.0
Kyrgyzstan,2018,1000 t,372.0
Kyrgyzstan,2019,1000 t,615.0
Kyrgyzstan,2020,1000 t,616.0
Kyrgyzstan,2021,1000 t,590.0
Lao People's Democratic Republic,2010,1000 t,93.0
Lao People's Democratic Republic,2011,1000 t,69.0
Lao People's Democratic Republic,2012,1000 t,41.0
Lao People's Democratic Republic,2013,1000 t,46.0
Lao People's Democratic Republic,2014,1000 t,130.0
Lao People's Democratic Republic,2015,1000 t,95.0
Lao People's Democratic Republic,2016,1000 t,210.0
Lao People's Democratic Republic,2017,1000 t,169.0
Lao People's Democratic Republic,2018,1000 t,138.0
Lao People's Democratic Republic,2019,1000 t,264.0
Lao People's Democratic Republic,2020,1000 t,361.0
Lao People's Democratic Republic,2021,1000 t,260.0
Latvia,2010,1000 t,637.0
Latvia,2011,1000 t,513.0
Latvia,2012,1000 t,790.0
Latvia,2013,1000 t,657.0
Latvia,2014,1000 t,819.0
Latvia,2015,1000 t,778.0
Latvia,2016,1000 t,1091.0
Latvia,2017,1000 t,1219.0
Latvia,2018,1000 t,1560.0
Latvia,2019,1000 t,1191.0
Latvia,2020,1000 t,1386.0
Latvia,2021,1000 t,1289.0
Lebanon,2010,1000 t,1059.0
Lebanon,2011,1000 t,1141.0
Lebanon,2012,1000 t,1218.0
Lebanon,2013,1000 t,1284.0
Lebanon,2014,1000 t,1406.0
Lebanon,2015,1000 t,1503.0
Lebanon,2016,1000 t,1565.0
Lebanon,2017,1000 t,1567.0
Lebanon,2018,1000 t,1581.0
Lebanon,2019,1000 t,1521.0
Lebanon,2020,1000 t,1462.0
Lebanon,2021,1000 t,1509.0
Lesotho,2010,1000 t,375.0
Lesotho,2011,1000 t,414.0
Lesotho,2012,1000 t,439.0
Lesotho,2013,1000 t,327.0
Lesotho,2014,1000 t,369.0
Lesotho,2015,1000 t,323.0
Lesotho,2016,1000 t,370.0
Lesotho,2017,1000 t,439.0
Lesotho,2018,1000 t,263.0
Lesotho,2019,1000 t,257.0
Lesotho,2020,1000 t,329.0
Lesotho,2021,1000 t,357.0
Liberia,2010,1000 t,487.0
Liberia,2011,1000 t,297.0
Liberia,2012,1000 t,444.0
Liberia,2013,1000 t,472.0
Liberia,2014,1000 t,446.0
Liberia,2015,1000 t,448.0
Liberia,2016,1000 t,431.0
Liberia,2017,1000 t,624.0
Liberia,2018,1000 t,583.0
Liberia,2019,1000 t,482.0
Liberia,2020,1000 t,620.0
Liberia,2021,1000 t,683.0
Libya,2010,1000 t,3048.0
Libya,2011,1000 t,2145.0
Libya,2012,1000 t,2999.0
Libya,2013,1000 t,3737.0
Libya,2014,1000 t,3464.0
Libya,2015,1000 t,3253.0
Libya,2016,1000 t,3758.0
Libya,2017,1000 t,3072.0
Libya,2018,1000 t,3285.0
Libya,2019,1000 t,1851.0
Libya,2020,1000 t,3015.0
Libya,2021,1000 t,3241.0
Lithuania,2010,1000 t,324.0
Lithuania,2011,1000 t,435.0
Lithuania,2012,1000 t,529.0
Lithuania,2013,1000 t,524.0
Lithuania,2014,1000 t,544.0
Lithuania,2015,1000 t,420.0
Lithuania,2016,1000 t,369.0
Lithuania,2017,1000 t,452.0
Lithuania,2018,1000 t,589.0
Lithuania,2019,1000 t,832.0
Lithuania,2020,1000 t,759.0
Lithuania,2021,1000 t,535.0
Luxembourg,2010,1000 t,156.0
Luxembourg,2011,1000 t,176.0
Luxembourg,2012,1000 t,215.0
Luxembourg,2013,1000 t,219.0
Luxembourg,2014,1000 t,210.0
Luxembourg,2015,1000 t,213.0
Luxembourg,2016,1000 t,216.0
Luxembourg,2017,1000 t,229.0
Luxembourg,2018,1000 t,253.0
Luxembourg,2019,1000 t,250.0
Luxembourg,2020,1000 t,312.0
Luxembourg,2021,1000 t,306.0
Madagascar,2010,1000 t,389.0
Madagascar,2011,1000 t,517.0
Madagascar,2012,1000 t,501.0
Madagascar,2013,1000 t,816.0
Madagascar,2014,1000 t,778.0
Madagascar,2015,1000 t,641.0
Madagascar,2016,1000 t,663.0
Madagascar,2017,1000 t,1257.0
Madagascar,2018,1000 t,1302.0
Madagascar,2019,1000 t,1054.0
Madagascar,2020,1000 t,1074.0
Madagascar,2021,1000 t,1373.0
Malawi,2010,1000 t,211.0
Malawi,2011,1000 t,195.0
Malawi,2012,1000 t,163.0
Malawi,2013,1000 t,264.0
Malawi,2014,1000 t,210.0
Malawi,2015,1000 t,341.0
Malawi,2016,1000 t,502.0
Malawi,2017,1000 t,250.0
Malawi,2018,1000 t,170.0
Malawi,2019,1000 t,157.0
Malawi,2020,1000 t,193.0
Malawi,2021,1000 t,185.0
Malaysia,2010,1000 t,7395.0
Malaysia,2011,1000 t,8020.0
Malaysia,2012,1000 t,8117.0
Malaysia,2013,1000 t,8343.0
Malaysia,2014,1000 t,8639.0
Malaysia,2015,1000 t,8417.0
Malaysia,2016,1000 t,8353.0
Malaysia,2017,1000 t,8575.0
Malaysia,2018,1000 t,9073.0
Malaysia,2019,1000 t,9214.0
Malaysia,2020,1000 t,9643.0
Malaysia,2021,1000 t,9189.0
Maldives,2010,1000 t,61.0
Maldives,2011,1000 t,66.0
Maldives,2012,1000 t,61.0
Maldives,2013,1000 t,71.0
Maldives,2014,1000 t,80.0
Maldives,2015,1000 t,86.0
Maldives,2016,1000 t,108.0
Maldives,2017,1000 t,96.0
Maldives,2018,1000 t,91.0
Maldives,2019,1000 t,92.0
Maldives,2020,1000 t,118.0
Maldives,2021,1000 t,119.0
Mali,2010,1000 t,268.0
Mali,2011,1000 t,296.0
Mali,2012,1000 t,827.0
Mali,2013,1000 t,452.0
Mali,2014,1000 t,402.0
Mali,2015,1000 t,531.0
Mali,2016,1000 t,654.0
Mali,2017,1000 t,734.0
Mali,2018,1000 t,595.0
Mali,2019,1000 t,680.0
Mali,2020,1000 t,551.0
Mali,2021,1000 t,939.0
Malta,2010,1000 t,180.0
Malta,2011,1000 t,186.0
Malta,2012,1000 t,223.0
Malta,2013,1000 t,193.0
Malta,2014,1000 t,154.0
Malta,2015,1000 t,204.0
Malta,2016,1000 t,165.0
Malta,2017,1000 t,183.0
Malta,2018,1000 t,180.0
Malta,2019,1000 t,164.0
Malta,2020,1000 t,167.0
Malta,2021,1000 t,156.0
Mauritania,2010,1000 t,472.0
Mauritania,2011,1000 t,432.0
Mauritania,2012,1000 t,678.0
Mauritania,2013,1000 t,553.0
Mauritania,2014,1000 t,709.0
Mauritania,2015,1000 t,815.0
Mauritania,2016,1000 t,607.0
Mauritania,2017,1000 t,783.0
Mauritania,2018,1000 t,900.0
Mauritania,2019,1000 t,840.0
Mauritania,2020,1000 t,874.0
Mauritania,2021,1000 t,950.0
Mauritius,2010,1000 t,394.0
Mauritius,2011,1000 t,347.0
Mauritius,2012,1000 t,322.0
Mauritius,2013,1000 t,383.0
Mauritius,2014,1000 t,353.0
Mauritius,2015,1000 t,396.0
Mauritius,2016,1000 t,342.0
Mauritius,2017,1000 t,425.0
Mauritius,2018,1000 t,368.0
Mauritius,2019,1000 t,397.0
Mauritius,2020,1000 t,383.0
Mauritius,2021,1000 t,455.0
Mexico,2010,1000 t,16942.0
Mexico,2011,1000 t,18942.0
Mexico,2012,1000 t,19138.0
Mexico,2013,1000 t,15470.0
Mexico,2014,1000 t,17819.0
Mexico,2015,1000 t,19771.0
Mexico,2016,1000 t,22904.0
Mexico,2017,1000 t,24487.0
Mexico,2018,1000 t,25758.0
Mexico,2019,1000 t,25891.0
Mexico,2020,1000 t,23200.0
Mexico,2021,1000 t,24686.0
Micronesia (Federated States of),2019,1000 t,12.0
Micronesia (Federated States of),2020,1000 t,14.0
Micronesia (Federated States of),2021,1000 t,14.0
Mongolia,2010,1000 t,253.0
Mongolia,2011,1000 t,139.0
Mongolia,2012,1000 t,161.0
Mongolia,2013,1000 t,155.0
Mongolia,2014,1000 t,192.0
Mongolia,2015,1000 t,320.0
Mongolia,2016,1000 t,362.0
Mongolia,2017,1000 t,234.0
Mongolia,2018,1000 t,563.0
Mongolia,2019,1000 t,264.0
Mongolia,2020,1000 t,397.0
Mongolia,2021,1000 t,562.0
Montenegro,2010,1000 t,275.0
Montenegro,2011,1000 t,266.0
Montenegro,2012,1000 t,249.0
Montenegro,2013,1000 t,253.0
Montenegro,2014,1000 t,265.0
Montenegro,2015,1000 t,292.0
Montenegro,2016,1000 t,290.0
Montenegro,2017,1000 t,290.0
Montenegro,2018,1000 t,308.0
Montenegro,2019,1000 t,307.0
Montenegro,2020,1000 t,298.0
Montenegro,2021,1000 t,305.0
Morocco,2010,1000 t,7166.0
Morocco,2011,1000 t,6258.0
Morocco,2012,1000 t,8525.0
Morocco,2013,1000 t,6200.0
Morocco,2014,1000 t,9368.0
Morocco,2015,1000 t,7094.0
Morocco,2016,1000 t,11598.0
Morocco,2017,1000 t,8179.0
Morocco,2018,1000 t,7738.0
Morocco,2019,1000 t,9148.0
Morocco,2020,1000 t,12490.0
Morocco,2021,1000 t,9209.0
Mozambique,2010,1000 t,1185.0
Mozambique,2011,1000 t,1341.0
Mozambique,2012,1000 t,1514.0
Mozambique,2013,1000 t,1677.0
Mozambique,2014,1000 t,1466.0
Mozambique,2015,1000 t,1887.0
Mozambique,2016,1000 t,1650.0
Mozambique,2017,1000 t,2029.0
Mozambique,2018,1000 t,1669.0
Mozambique,2019,1000 t,2443.0
Mozambique,2020,1000 t,2931.0
Mozambique,2021,1000 t,3476.0
Myanmar,2010,1000 t,244.0
Myanmar,2011,1000 t,226.0
Myanmar,2012,1000 t,302.0
Myanmar,2013,1000 t,240.0
Myanmar,2014,1000 t,503.0
Myanmar,2015,1000 t,536.0
Myanmar,2016,1000 t,1256.0
Myanmar,2017,1000 t,1245.0
Myanmar,2018,1000 t,757.0
Myanmar,2019,1000 t,876.0
Myanmar,2020,1000 t,1351.0
Myanmar,2021,1000 t,924.0
Namibia,2010,1000 t,173.0
Namibia,2011,1000 t,266.0
Namibia,2012,1000 t,394.0
Namibia,2013,1000 t,398.0
Namibia,2014,1000 t,383.0
Namibia,2015,1000 t,556.0
Namibia,2016,1000 t,570.0
Namibia,2017,1000 t,716.0
Namibia,2018,1000 t,657.0
Namibia,2019,1000 t,1330.0
Namibia,2020,1000 t,541.0
Namibia,2021,1000 t,719.0
Nauru,2019,1000 t,1.0
Nauru,2020,1000 t,2.0
Nauru,2021,1000 t,1.0
Nepal,2010,1000 t,501.0
Nepal,2011,1000 t,612.0
Nepal,2012,1000 t,788.0
Nepal,2013,1000 t,1085.0
Nepal,2014,1000 t,1573.0
Nepal,2015,1000 t,1510.0
Nepal,2016,1000 t,1726.0
Nepal,2017,1000 t,1811.0
Nepal,2018,1000 t,1979.0
Nepal,2019,1000 t,2079.0
Nepal,2020,1000 t,2816.0
Nepal,2021,1000 t,3956.0
Netherlands (Kingdom of the),2010,1000 t,18662.0
Netherlands (Kingdom of the),2011,1000 t,16843.0
Netherlands (Kingdom of the),2012,1000 t,17340.0
Netherlands (Kingdom of the),2013,1000 t,17705.0
Netherlands (Kingdom of the),2014,1000 t,18865.0
Netherlands (Kingdom of the),2015,1000 t,19737.0
Netherlands (Kingdom of the),2016,1000 t,18894.0
Netherlands (Kingdom of the),2017,1000 t,22271.0
Netherlands (Kingdom of the),2018,1000 t,23204.0
Netherlands (Kingdom of the),2019,1000 t,22425.0
Netherlands (Kingdom of the),2020,1000 t,22360.0
Netherlands (Kingdom of the),2021,1000 t,23200.0
Netherlands Antilles (former),2010,1000 t,5.67
New Caledonia,2010,1000 t,67.0
New Caledonia,2011,1000 t,70.0
New Caledonia,2012,1000 t,69.0
New Caledonia,2013,1000 t,70.0
New Caledonia,2014,1000 t,70.0
New Caledonia,2015,1000 t,63.0
New Caledonia,2016,1000 t,59.0
New Caledonia,2017,1000 t,66.0
New Caledonia,2018,1000 t,64.0
New Caledonia,2019,1000 t,56.0
New Caledonia,2020,1000 t,71.0
New Caledonia,2021,1000 t,63.0
New Zealand,2010,1000 t,610.0
New Zealand,2011,1000 t,585.0
New Zealand,2012,1000 t,874.0
New Zealand,2013,1000 t,822.0
New Zealand,2014,1000 t,1051.0
New Zealand,2015,1000 t,991.0
New Zealand,2016,1000 t,767.0
New Zealand,2017,1000 t,1069.0
New Zealand,2018,1000 t,1056.0
New Zealand,2019,1000 t,1120.0
New Zealand,2020,1000 t,930.0
New Zealand,2021,1000 t,1034.0
Nicaragua,2010,1000 t,566.0
Nicaragua,2011,1000 t,579.0
Nicaragua,2012,1000 t,541.0
Nicaragua,2013,1000 t,593.0
Nicaragua,2014,1000 t,552.0
Nicaragua,2015,1000 t,654.0
Nicaragua,2016,1000 t,712.0
Nicaragua,2017,1000 t,707.0
Nicaragua,2018,1000 t,713.0
Nicaragua,2019,1000 t,719.0
Nicaragua,2020,1000 t,874.0
Nicaragua,2021,1000 t,991.0
Niger,2010,1000 t,661.0
Niger,2011,1000 t,430.0
Niger,2012,1000 t,989.0
Niger,2013,1000 t,840.0
Niger,2014,1000 t,980.0
Niger,2015,1000 t,982.0
Niger,2016,1000 t,797.0
Niger,2017,1000 t,961.0
Niger,2018,1000 t,1125.0
Niger,2019,1000 t,1288.0
Niger,2020,1000 t,1502.0
Niger,2021,1000 t,1143.0
Nigeria,2010,1000 t,7048.0
Nigeria,2011,1000 t,7617.0
Nigeria,2012,1000 t,6067.0
Nigeria,2013,1000 t,7269.0
Nigeria,2014,1000 t,7652.0
Nigeria,2015,1000 t,6125.0
Nigeria,2016,1000 t,5039.0
Nigeria,2017,1000 t,6878.0
Nigeria,2018,1000 t,5509.0
Nigeria,2019,1000 t,6672.0
Nigeria,2020,1000 t,6824.0
Nigeria,2021,1000 t,7406.0
North Macedonia,2010,1000 t,229.0
North Macedonia,2011,1000 t,237.0
North Macedonia,2012,1000 t,303.0
North Macedonia,2013,1000 t,225.0
North Macedonia,2014,1000 t,250.0
North Macedonia,2015,1000 t,307.0
North Macedonia,2016,1000 t,303.0
North Macedonia,2017,1000 t,326.0
North Macedonia,2018,1000 t,306.0
North Macedonia,2019,1000 t,320.0
North Macedonia,2020,1000 t,307.0
North Macedonia,2021,1000 t,284.0
Norway,2010,1000 t,1119.0
Norway,2011,1000 t,1167.0
Norway,2012,1000 t,1392.0
Norway,2013,1000 t,1479.0
Norway,2014,1000 t,1441.0
Norway,2015,1000 t,1262.0
Norway,2016,1000 t,1145.0
Norway,2017,1000 t,1160.0
Norway,2018,1000 t,1484.0
Norway,2019,1000 t,1490.0
Norway,2020,1000 t,1289.0
Norway,2021,1000 t,1281.0
Oman,2010,1000 t,1354.0
Oman,2011,1000 t,1374.0
Oman,2012,1000 t,1388.0
Oman,2013,1000 t,1544.0
Oman,2014,1000 t,1910.0
Oman,2015,1000 t,2243.0
Oman,2016,1000 t,1961.0
Oman,2017,1000 t,2311.0
Oman,2018,1000 t,2394.0
Oman,2019,1000 t,2074.0
Oman,2020,1000 t,2185.0
Oman,2021,1000 t,3113.0
Pakistan,2010,1000 t,323.0
Pakistan,2011,1000 t,167.0
Pakistan,2012,1000 t,162.0
Pakistan,2013,1000 t,556.0
Pakistan,2014,1000 t,787.0
Pakistan,2015,1000 t,200.0
Pakistan,2016,1000 t,334.0
Pakistan,2017,1000 t,131.0
Pakistan,2018,1000 t,177.0
Pakistan,2019,1000 t,109.0
Pakistan,2020,1000 t,2588.0
Pakistan,2021,1000 t,2598.0
Panama,2010,1000 t,802.0
Panama,2011,1000 t,740.0
Panama,2012,1000 t,764.0
Panama,2013,1000 t,740.0
Panama,2014,1000 t,761.0
Panama,2015,1000 t,889.0
Panama,2016,1000 t,965.0
Panama,2017,1000 t,986.0
Panama,2018,1000 t,1062.0
Panama,2019,1000 t,948.0
Panama,2020,1000 t,1030.0
Panama,2021,1000 t,1147.0
Papua New Guinea,2010,1000 t,466.0
Papua New Guinea,2011,1000 t,323.0
Papua New Guinea,2012,1000 t,371.0
Papua New Guinea,2013,1000 t,309.0
Papua New Guinea,2014,1000 t,452.0
Papua New Guinea,2015,1000 t,713.0
Papua New Guinea,2016,1000 t,747.0
Papua New Guinea,2017,1000 t,724.0
Papua New Guinea,2018,1000 t,543.0
Papua New Guinea,2019,1000 t,645.0
Papua New Guinea,2020,1000 t,746.0
Papua New Guinea,2021,1000 t,967.0
Paraguay,2010,1000 t,112.0
Paraguay,2011,1000 t,117.0
Paraguay,2012,1000 t,114.0
Paraguay,2013,1000 t,180.0
Paraguay,2014,1000 t,166.0
Paraguay,2015,1000 t,117.0
Paraguay,2016,1000 t,124.0
Paraguay,2017,1000 t,138.0
Paraguay,2018,1000 t,142.0
Paraguay,2019,1000 t,179.0
Paraguay,2020,1000 t,146.0
Paraguay,2021,1000 t,332.0
Peru,2010,1000 t,4092.0
Peru,2011,1000 t,4287.0
Peru,2012,1000 t,4340.0
Peru,2013,1000 t,4447.0
Peru,2014,1000 t,4885.0
Peru,2015,1000 t,5305.0
Peru,2016,1000 t,5676.0
Peru,2017,1000 t,6547.0
Peru,2018,1000 t,6465.0
Peru,2019,1000 t,6945.0
Peru,2020,1000 t,6970.0
Peru,2021,1000 t,6474.0
Philippines,2010,1000 t,6476.0
Philippines,2011,1000 t,4723.0
Philippines,2012,1000 t,5617.0
Philippines,2013,1000 t,4147.0
Philippines,2014,1000 t,6230.0
Philippines,2015,1000 t,6668.0
Philippines,2016,1000 t,7284.0
Philippines,2017,1000 t,8404.0
Philippines,2018,1000 t,11557.0
Philippines,2019,1000 t,14151.0
Philippines,2020,1000 t,11776.0
Philippines,2021,1000 t,12693.0
Poland,2010,1000 t,3622.0
Poland,2011,1000 t,3920.0
Poland,2012,1000 t,3734.0
Poland,2013,1000 t,2875.0
Poland,2014,1000 t,3179.0
Poland,2015,1000 t,3059.0
Poland,2016,1000 t,3752.0
Poland,2017,1000 t,4003.0
Poland,2018,1000 t,3904.0
Poland,2019,1000 t,3969.0
Poland,2020,1000 t,4238.0
Poland,2021,1000 t,3998.0
Portugal,2010,1000 t,4824.0
Portugal,2011,1000 t,4667.0
Portugal,2012,1000 t,4898.0
Portugal,2013,1000 t,4522.0
Portugal,2014,1000 t,5177.0
Portugal,2015,1000 t,4927.0
Portugal,2016,1000 t,5248.0
Portugal,2017,1000 t,5917.0
Portugal,2018,1000 t,6820.0
Portugal,2019,1000 t,5671.0
Portugal,2020,1000 t,5586.0
Portugal,2021,1000 t,6319.0
Qatar,2019,1000 t,1859.0
Qatar,2020,1000 t,1917.0
Qatar,2021,1000 t,1484.0
Republic of Korea,2010,1000 t,16678.0
Republic of Korea,2011,1000 t,16356.0
Republic of Korea,2012,1000 t,17674.0
Republic of Korea,2013,1000 t,17103.0
Republic of Korea,2014,1000 t,17473.0
Republic of Korea,2015,1000 t,17291.0
Republic of Korea,2016,1000 t,16763.0
Republic of Korea,2017,1000 t,16299.0
Republic of Korea,2018,1000 t,16457.0
Republic of Korea,2019,1000 t,17170.0
Republic of Korea,2020,1000 t,17909.0
Republic of Korea,2021,1000 t,18754.0
Republic of Moldova,2010,1000 t,131.0
Republic of Moldova,2011,1000 t,154.0
Republic of Moldova,2012,1000 t,172.0
Republic of Moldova,2013,1000 t,145.0
Republic of Moldova,2014,1000 t,130.0
Republic of Moldova,2015,1000 t,126.0
Republic of Moldova,2016,1000 t,122.0
Republic of Moldova,2017,1000 t,139.0
Republic of Moldova,2018,1000 t,146.0
Republic of Moldova,2019,1000 t,138.0
Republic of Moldova,2020,1000 t,178.0
Republic of Moldova,2021,1000 t,145.0
Romania,2010,1000 t,2283.0
Romania,2011,1000 t,2151.0
Romania,2012,1000 t,2323.0
Romania,2013,1000 t,2225.0
Romania,2014,1000 t,2357.0
Romania,2015,1000 t,3325.0
Romania,2016,1000 t,5026.0
Romania,2017,1000 t,3868.0
Romania,2018,1000 t,2644.0
Romania,2019,1000 t,3043.0
Romania,2020,1000 t,4875.0
Romania,2021,1000 t,4110.0
Russian Federation,2010,1000 t,1162.0
Russian Federation,2011,1000 t,1615.0
Russian Federation,2012,1000 t,2025.0
Russian Federation,2013,1000 t,2596.0
Russian Federation,2014,1000 t,2064.0
Russian Federation,2015,1000 t,1728.0
Russian Federation,2016,1000 t,2525.0
Russian Federation,2017,1000 t,2234.0
Russian Federation,2018,1000 t,1831.0
Russian Federation,2019,1000 t,1432.0
Russian Federation,2020,1000 t,1458.0
Russian Federation,2021,1000 t,1447.0
Rwanda,2010,1000 t,291.0
Rwanda,2011,1000 t,267.0
Rwanda,2012,1000 t,339.0
Rwanda,2013,1000 t,305.0
Rwanda,2014,1000 t,373.0
Rwanda,2015,1000 t,447.0
Rwanda,2016,1000 t,617.0
Rwanda,2017,1000 t,745.0
Rwanda,2018,1000 t,701.0
Rwanda,2019,1000 t,580.0
Rwanda,2020,1000 t,530.0
Rwanda,2021,1000 t,711.0
Saint Kitts and Nevis,2010,1000 t,1.0
Saint Kitts and Nevis,2011,1000 t,2.0
Saint Kitts and Nevis,2012,1000 t,2.0
Saint Kitts and Nevis,2013,1000 t,2.0
Saint Kitts and Nevis,2014,1000 t,3.0
Saint Kitts and Nevis,2015,1000 t,3.0
Saint Kitts and Nevis,2016,1000 t,8.0
Saint Kitts and Nevis,2017,1000 t,11.0
Saint Kitts and Nevis,2018,1000 t,2.0
Saint Kitts and Nevis,2019,1000 t,6.0
Saint Kitts and Nevis,2020,1000 t,4.0
Saint Kitts and Nevis,2021,1000 t,6.0
Saint Lucia,2010,1000 t,27.0
Saint Lucia,2011,1000 t,28.0
Saint Lucia,2012,1000 t,28.0
Saint Lucia,2013,1000 t,28.0
Saint Lucia,2014,1000 t,32.0
Saint Lucia,2015,1000 t,5.0
Saint Lucia,2016,1000 t,29.0
Saint Lucia,2017,1000 t,32.0
Saint Lucia,2018,1000 t,23.0
Saint Lucia,2019,1000 t,35.0
Saint Lucia,2020,1000 t,40.0
Saint Lucia,2021,1000 t,29.0
Saint Vincent and the Grenadines,2010,1000 t,37.0
Saint Vincent and the Grenadines,2011,1000 t,24.0
Saint Vincent and the Grenadines,2012,1000 t,45.0
Saint Vincent and the Grenadines,2013,1000 t,36.0
Saint Vincent and the Grenadines,2014,1000 t,51.0
Saint Vincent and the Grenadines,2015,1000 t,51.0
Saint Vincent and the Grenadines,2016,1000 t,47.0
Saint Vincent and the Grenadines,2017,1000 t,48.0
Saint Vincent and the Grenadines,2018,1000 t,40.0
Saint Vincent and the Grenadines,2019,1000 t,46.0
Saint Vincent and the Grenadines,2020,1000 t,46.0
Saint Vincent and the Grenadines,2021,1000 t,47.0
Samoa,2010,1000 t,1.0
Samoa,2011,1000 t,1.0
Samoa,2012,1000 t,3.0
Samoa,2013,1000 t,3.0
Samoa,2014,1000 t,22.0
Samoa,2015,1000 t,21.0
Samoa,2016,1000 t,7.421654676258992
Samoa,2017,1000 t,23.0
Samoa,2018,1000 t,25.0
Samoa,2019,1000 t,18.0
Samoa,2020,1000 t,13.0
Samoa,2021,1000 t,43.0
Sao Tome and Principe,2010,1000 t,17.0
Sao Tome and Principe,2011,1000 t,16.0
Sao Tome and Principe,2012,1000 t,20.0
Sao Tome and Principe,2013,1000 t,17.0
Sao Tome and Principe,2014,1000 t,23.0
Sao Tome and Principe,2015,1000 t,12.0
Sao Tome and Principe,2016,1000 t,13.0
Sao Tome and Principe,2017,1000 t,25.0
Sao Tome and Principe,2018,1000 t,24.0
Sao Tome and Principe,2019,1000 t,24.0
Sao Tome and Principe,2020,1000 t,24.0
Sao Tome and Principe,2021,1000 t,27.0
Saudi Arabia,2010,1000 t,13266.0
Saudi Arabia,2011,1000 t,12483.0
Saudi Arabia,2012,1000 t,15059.0
Saudi Arabia,2013,1000 t,17634.0
Saudi Arabia,2014,1000 t,16836.0
Saudi Arabia,2015,1000 t,16147.0
Saudi Arabia,2016,1000 t,17431.0
Saudi Arabia,2017,1000 t,19818.0
Saudi Arabia,2018,1000 t,16522.0
Saudi Arabia,2019,1000 t,14932.0
Saudi Arabia,2020,1000 t,15381.0
Saudi Arabia,2021,1000 t,16330.0
Senegal,2010,1000 t,1727.0
Senegal,2011,1000 t,1853.0
Senegal,2012,1000 t,2402.0
Senegal,2013,1000 t,2458.0
Senegal,2014,1000 t,2559.0
Senegal,2015,1000 t,2737.0
Senegal,2016,1000 t,2466.0
Senegal,2017,1000 t,2931.0
Senegal,2018,1000 t,3357.0
Senegal,2019,1000 t,2775.0
Senegal,2020,1000 t,3203.0
Senegal,2021,1000 t,3397.0
Serbia,2010,1000 t,60.0
Serbia,2011,1000 t,109.0
Serbia,2012,1000 t,99.0
Serbia,2013,1000 t,100.0
Serbia,2014,1000 t,106.0
Serbia,2015,1000 t,93.0
Serbia,2016,1000 t,90.0
Serbia,2017,1000 t,89.0
Serbia,2018,1000 t,106.0
Serbia,2019,1000 t,136.0
Serbia,2020,1000 t,158.0
Serbia,2021,1000 t,189.0
Seychelles,2010,1000 t,17.0
Seychelles,2011,1000 t,21.0
Seychelles,2012,1000 t,23.0
Seychelles,2013,1000 t,25.0
Seychelles,2014,1000 t,22.0
Seychelles,2015,1000 t,24.0
Seychelles,2016,1000 t,23.0
Seychelles,2017,1000 t,25.0
Seychelles,2018,1000 t,29.0
Seychelles,2019,1000 t,29.0
Seychelles,2020,1000 t,30.0
Seychelles,2021,1000 t,31.0
Sierra Leone,2010,1000 t,233.0
Sierra Leone,2011,1000 t,341.0
Sierra Leone,2012,1000 t,445.0
Sierra Leone,2013,1000 t,482.0
Sierra Leone,2014,1000 t,570.0
Sierra Leone,2015,1000 t,654.0
Sierra Leone,2016,1000 t,419.0
Sierra Leone,2017,1000 t,714.0
Sierra Leone,2018,1000 t,624.0
Sierra Leone,2019,1000 t,644.0
Sierra Leone,2020,1000 t,808.0
Sierra Leone,2021,1000 t,776.0
Slovakia,2010,1000 t,637.0
Slovakia,2011,1000 t,832.0
Slovakia,2012,1000 t,713.0
Slovakia,2013,1000 t,638.0
Slovakia,2014,1000 t,670.0
Slovakia,2015,1000 t,756.0
Slovakia,2016,1000 t,697.0
Slovakia,2017,1000 t,773.0
Slovakia,2018,1000 t,865.0
Slovakia,2019,1000 t,980.0
Slovakia,2020,1000 t,941.0
Slovakia,2021,1000 t,925.0
Slovenia,2010,1000 t,659.0
Slovenia,2011,1000 t,776.0
Slovenia,2012,1000 t,664.0
Slovenia,2013,1000 t,798.0
Slovenia,2014,1000 t,1048.0
Slovenia,2015,1000 t,1105.0
Slovenia,2016,1000 t,1202.0
Slovenia,2017,1000 t,1339.0
Slovenia,2018,1000 t,1434.0
Slovenia,2019,1000 t,1472.0
Slovenia,2020,1000 t,1438.0
Slovenia,2021,1000 t,1583.0
Solomon Islands,2010,1000 t,76.0
Solomon Islands,2011,1000 t,68.0
Solomon Islands,2012,1000 t,79.0
Solomon Islands,2013,1000 t,86.0
Solomon Islands,2014,1000 t,90.0
Solomon Islands,2015,1000 t,95.0
Solomon Islands,2016,1000 t,93.0
Solomon Islands,2017,1000 t,90.0
Solomon Islands,2018,1000 t,91.0
Solomon Islands,2019,1000 t,100.0
Solomon Islands,2020,1000 t,76.0
Solomon Islands,2021,1000 t,86.0
South Africa,2010,1000 t,3185.0
South Africa,2011,1000 t,4508.0
South Africa,2012,1000 t,5496.0
South Africa,2013,1000 t,5076.0
South Africa,2014,1000 t,5116.0
South Africa,2015,1000 t,4312.0
South Africa,2016,1000 t,8457.0
South Africa,2017,1000 t,5942.0
South Africa,2018,1000 t,5881.0
South Africa,2019,1000 t,5994.0
South Africa,2020,1000 t,5387.0
South Africa,2021,1000 t,5160.0
South Sudan,2019,1000 t,210.0
South Sudan,2020,1000 t,340.0
South Sudan,2021,1000 t,283.0
Spain,2010,1000 t,11805.0
Spain,2011,1000 t,12617.0
Spain,2012,1000 t,14450.0
Spain,2013,1000 t,11764.0
Spain,2014,1000 t,14079.0
Spain,2015,1000 t,16038.0
Spain,2016,1000 t,16991.0
Spain,2017,1000 t,17903.0
Spain,2018,1000 t,19284.0
Spain,2019,1000 t,19939.0
Spain,2020,1000 t,16265.0
Spain,2021,1000 t,16550.0
Sri Lanka,2010,1000 t,1262.0
Sri Lanka,2011,1000 t,1511.0
Sri Lanka,2012,1000 t,1288.0
Sri Lanka,2013,1000 t,1063.0
Sri Lanka,2014,1000 t,2237.0
Sri Lanka,2015,1000 t,1793.0
Sri Lanka,2016,1000 t,1116.0
Sri Lanka,2017,1000 t,2635.0
Sri Lanka,2018,1000 t,1901.0
Sri Lanka,2019,1000 t,1237.0
Sri Lanka,2020,1000 t,1573.0
Sri Lanka,2021,1000 t,1656.0
Sudan,2012,1000 t,2223.0
Sudan,2013,1000 t,2520.0
Sudan,2014,1000 t,3130.0
Sudan,2015,1000 t,1864.0
Sudan,2016,1000 t,2568.0
Sudan,2017,1000 t,2625.0
Sudan,2018,1000 t,2872.0
Sudan,2019,1000 t,2508.0
Sudan,2020,1000 t,2750.0
Sudan,2021,1000 t,2314.0
Suriname,2010,1000 t,80.0
Suriname,2011,1000 t,73.0
Suriname,2012,1000 t,50.0
Suriname,2013,1000 t,55.0
Suriname,2014,1000 t,83.0
Suriname,2015,1000 t,69.0
Suriname,2016,1000 t,64.0
Suriname,2017,1000 t,64.0
Suriname,2018,1000 t,72.0
Suriname,2019,1000 t,64.0
Suriname,2020,1000 t,55.0
Suriname,2021,1000 t,53.0
Sweden,2010,1000 t,866.0
Sweden,2011,1000 t,1068.0
Sweden,2012,1000 t,1152.0
Sweden,2013,1000 t,1078.0
Sweden,2014,1000 t,1080.0
Sweden,2015,1000 t,1176.0
Sweden,2016,1000 t,1025.0
Sweden,2017,1000 t,1056.0
Sweden,2018,1000 t,1304.0
Sweden,2019,1000 t,1378.0
Sweden,2020,1000 t,988.0
Sweden,2021,1000 t,913.0
Switzerland,2010,1000 t,1465.0
Switzerland,2011,1000 t,1644.0
Switzerland,2012,1000 t,1438.0
Switzerland,2013,1000 t,1523.0
Switzerland,2014,1000 t,1650.0
Switzerland,2015,1000 t,1655.0
Switzerland,2016,1000 t,1802.0
Switzerland,2017,1000 t,1838.0
Switzerland,2018,1000 t,1676.0
Switzerland,2019,1000 t,1709.0
Switzerland,2020,1000 t,1697.0
Switzerland,2021,1000 t,1755.0
Syrian Arab Republic,2010,1000 t,3732.0
Syrian Arab Republic,2011,1000 t,3583.0
Syrian Arab Republic,2012,1000 t,2333.0
Syrian Arab Republic,2013,1000 t,3091.0
Syrian Arab Republic,2014,1000 t,2100.0
Syrian Arab Republic,2015,1000 t,1963.0
Syrian Arab Republic,2016,1000 t,2476.0
Syrian Arab Republic,2017,1000 t,2422.0
Syrian Arab Republic,2018,1000 t,2325.0
Syrian Arab Republic,2019,1000 t,2049.0
Syrian Arab Republic,2020,1000 t,2639.0
Syrian Arab Republic,2021,1000 t,3168.0
Tajikistan,2010,1000 t,959.0
Tajikistan,2011,1000 t,1003.0
Tajikistan,2012,1000 t,1292.0
Tajikistan,2013,1000 t,998.0
Tajikistan,2014,1000 t,1075.0
Tajikistan,2015,1000 t,1109.0
Tajikistan,2016,1000 t,1223.0
Tajikistan,2017,1000 t,1204.0
Tajikistan,2018,1000 t,1220.0
Tajikistan,2019,1000 t,1328.0
Tajikistan,2020,1000 t,1286.0
Tajikistan,2021,1000 t,1286.0
Thailand,2010,1000 t,3019.0
Thailand,2011,1000 t,2682.0
Thailand,2012,1000 t,3950.0
Thailand,2013,1000 t,2971.0
Thailand,2014,1000 t,2752.0
Thailand,2015,1000 t,6293.0
Thailand,2016,1000 t,6173.0
Thailand,2017,1000 t,4104.0
Thailand,2018,1000 t,4425.0
Thailand,2019,1000 t,5351.0
Thailand,2020,1000 t,7277.0
Thailand,2021,1000 t,6697.0
Timor-Leste,2010,1000 t,195.0
Timor-Leste,2011,1000 t,82.0
Timor-Leste,2012,1000 t,140.0
Timor-Leste,2013,1000 t,183.0
Timor-Leste,2014,1000 t,296.0
Timor-Leste,2015,1000 t,71.0
Timor-Leste,2016,1000 t,195.0
Timor-Leste,2017,1000 t,206.0
Timor-Leste,2018,1000 t,180.0
Timor-Leste,2019,1000 t,57.0
Timor-Leste,2020,1000 t,138.0
Timor-Leste,2021,1000 t,236.0
Togo,2010,1000 t,187.0
Togo,2011,1000 t,251.0
Togo,2012,1000 t,259.0
Togo,2013,1000 t,321.0
Togo,2014,1000 t,282.0
Togo,2015,1000 t,289.0
Togo,2016,1000 t,340.0
Togo,2017,1000 t,348.0
Togo,2018,1000 t,376.0
Togo,2019,1000 t,399.0
Togo,2020,1000 t,517.0
Togo,2021,1000 t,868.0
Trinidad and Tobago,2010,1000 t,272.0
Trinidad and Tobago,2011,1000 t,287.0
Trinidad and Tobago,2012,1000 t,320.0
Trinidad and Tobago,2013,1000 t,341.0
Trinidad and Tobago,2014,1000 t,334.0
Trinidad and Tobago,2015,1000 t,313.0
Trinidad and Tobago,2016,1000 t,303.0
Trinidad and Tobago,2017,1000 t,317.0
Trinidad and Tobago,2018,1000 t,309.0
Trinidad and Tobago,2019,1000 t,334.0
Trinidad and Tobago,2020,1000 t,336.0
Trinidad and Tobago,2021,1000 t,346.0
Tunisia,2010,1000 t,4052.0
Tunisia,2011,1000 t,3138.0
Tunisia,2012,1000 t,3387.0
Tunisia,2013,1000 t,3607.0
Tunisia,2014,1000 t,3674.0
Tunisia,2015,1000 t,4182.0
Tunisia,2016,1000 t,4749.0
Tunisia,2017,1000 t,4288.0
Tunisia,2018,1000 t,3928.0
Tunisia,2019,1000 t,4004.0
Tunisia,2020,1000 t,4484.0
Tunisia,2021,1000 t,4463.0
Turkmenistan,2010,1000 t,108.0
Turkmenistan,2011,1000 t,159.0
Turkmenistan,2012,1000 t,204.0
Turkmenistan,2013,1000 t,178.0
Turkmenistan,2014,1000 t,237.0
Turkmenistan,2015,1000 t,210.0
Turkmenistan,2016,1000 t,157.0
Turkmenistan,2017,1000 t,131.0
Turkmenistan,2018,1000 t,398.0
Turkmenistan,2019,1000 t,338.0
Turkmenistan,2020,1000 t,184.0
Turkmenistan,2021,1000 t,52.0
Türkiye,2010,1000 t,8319.0
Türkiye,2011,1000 t,11157.0
Türkiye,2012,1000 t,11436.0
Türkiye,2013,1000 t,14723.0
Türkiye,2014,1000 t,19371.0
Türkiye,2015,1000 t,20122.0
Türkiye,2016,1000 t,21266.0
Türkiye,2017,1000 t,28684.0
Türkiye,2018,1000 t,25833.0
Türkiye,2019,1000 t,32662.0
Türkiye,2020,1000 t,32944.0
Türkiye,2021,1000 t,33536.0
Uganda,2010,1000 t,549.0
Uganda,2011,1000 t,643.0
Uganda,2012,1000 t,839.0
Uganda,2013,1000 t,683.0
Uganda,2014,1000 t,851.0
Uganda,2015,1000 t,716.0
Uganda,2016,1000 t,821.0
Uganda,2017,1000 t,1035.0
Uganda,2018,1000 t,1008.0
Uganda,2019,1000 t,1084.0
Uganda,2020,1000 t,1171.0
Uganda,2021,1000 t,1674.0
Ukraine,2010,1000 t,192.0
Ukraine,2011,1000 t,356.0
Ukraine,2012,1000 t,294.0
Ukraine,2013,1000 t,329.0
Ukraine,2014,1000 t,357.0
Ukraine,2015,1000 t,260.0
Ukraine,2016,1000 t,308.0
Ukraine,2017,1000 t,371.0
Ukraine,2018,1000 t,413.0
Ukraine,2019,1000 t,488.0
Ukraine,2020,1000 t,524.0
Ukraine,2021,1000 t,617.0
United Arab Emirates,2010,1000 t,5494.0
United Arab Emirates,2011,1000 t,2831.0
United Arab Emirates,2012,1000 t,6751.0
United Arab Emirates,2013,1000 t,6980.0
United Arab Emirates,2014,1000 t,4617.0
United Arab Emirates,2015,1000 t,3721.0
United Arab Emirates,2016,1000 t,3311.0
United Arab Emirates,2017,1000 t,3101.0
United Arab Emirates,2018,1000 t,3244.0
United Arab Emirates,2019,1000 t,4498.0
United Arab Emirates,2020,1000 t,4704.0
United Arab Emirates,2021,1000 t,4578.0
United Kingdom of Great Britain and Northern Ireland,2010,1000 t,8283.0
United Kingdom of Great Britain and Northern Ireland,2011,1000 t,8664.0
United Kingdom of Great Britain and Northern Ireland,2012,1000 t,12000.0
United Kingdom of Great Britain and Northern Ireland,2013,1000 t,13729.0
United Kingdom of Great Britain and Northern Ireland,2014,1000 t,10905.0
United Kingdom of Great Britain and Northern Ireland,2015,1000 t,10151.0
United Kingdom of Great Britain and Northern Ireland,2016,1000 t,9760.0
United Kingdom of Great Britain and Northern Ireland,2017,1000 t,11058.0
United Kingdom of Great Britain and Northern Ireland,2018,1000 t,11346.0
United Kingdom of Great Britain and Northern Ireland,2019,1000 t,10757.0
United Kingdom of Great Britain and Northern Ireland,2020,1000 t,12862.0
United Kingdom of Great Britain and Northern Ireland,2021,1000 t,11721.0
United Republic of Tanzania,2010,1000 t,1457.0
United Republic of Tanzania,2011,1000 t,1373.0
United Republic of Tanzania,2012,1000 t,1344.0
United Republic of Tanzania,2013,1000 t,1141.0
United Republic of Tanzania,2014,1000 t,1180.0
United Republic of Tanzania,2015,1000 t,1052.0
United Republic of Tanzania,2016,1000 t,915.0
United Republic of Tanzania,2017,1000 t,824.0
United Republic of Tanzania,2018,1000 t,158.0
United Republic of Tanzania,2019,1000 t,1077.0
United Republic of Tanzania,2020,1000 t,891.0
United Republic of Tanzania,2021,1000 t,869.0
United States of America,2010,1000 t,12800.0
United States of America,2011,1000 t,12738.0
United States of America,2012,1000 t,15213.0
United States of America,2013,1000 t,17799.0
United States of America,2014,1000 t,16587.0
United States of America,2015,1000 t,16619.0
United States of America,2016,1000 t,16617.0
United States of America,2017,1000 t,17826.0
United States of America,2018,1000 t,18050.0
United States of America,2019,1000 t,17674.0
United States of America,2020,1000 t,18473.0
United States of America,2021,1000 t,18420.0
Uruguay,2010,1000 t,407.0
Uruguay,2011,1000 t,831.0
Uruguay,2012,1000 t,554.0
Uruguay,2013,1000 t,736.0
Uruguay,2014,1000 t,785.0
Uruguay,2015,1000 t,930.0
Uruguay,2016,1000 t,616.0
Uruguay,2017,1000 t,689.0
Uruguay,2018,1000 t,1193.0
Uruguay,2019,1000 t,717.0
Uruguay,2020,1000 t,766.0
Uruguay,2021,1000 t,968.0
Uzbekistan,2010,1000 t,1741.0
Uzbekistan,2011,1000 t,2508.0
Uzbekistan,2012,1000 t,2923.0
Uzbekistan,2013,1000 t,2177.0
Uzbekistan,2014,1000 t,2974.0
Uzbekistan,2015,1000 t,3265.0
Uzbekistan,2016,1000 t,3602.0
Uzbekistan,2017,1000 t,2896.0
Uzbekistan,2018,1000 t,4614.0
Uzbekistan,2019,1000 t,3926.0
Uzbekistan,2020,1000 t,3853.0
Uzbekistan,2021,1000 t,3221.0
Vanuatu,2010,1000 t,18.0
Vanuatu,2011,1000 t,17.0
Vanuatu,2012,1000 t,17.0
Vanuatu,2013,1000 t,17.0
Vanuatu,2014,1000 t,19.0
Vanuatu,2015,1000 t,20.0
Vanuatu,2016,1000 t,26.0
Vanuatu,2017,1000 t,37.0
Vanuatu,2018,1000 t,30.0
Vanuatu,2019,1000 t,37.0
Vanuatu,2020,1000 t,28.0
Vanuatu,2021,1000 t,24.0
Venezuela (Bolivarian Republic of),2010,1000 t,4320.0
Venezuela (Bolivarian Republic of),2011,1000 t,3537.0
Venezuela (Bolivarian Republic of),2012,1000 t,4636.0
Venezuela (Bolivarian Republic of),2013,1000 t,4999.0
Venezuela (Bolivarian Republic of),2014,1000 t,4438.0
Venezuela (Bolivarian Republic of),2015,1000 t,4049.0
Venezuela (Bolivarian Republic of),2016,1000 t,3515.0
Venezuela (Bolivarian Republic of),2017,1000 t,4461.0
Venezuela (Bolivarian Republic of),2018,1000 t,2885.0
Venezuela (Bolivarian Republic of),2019,1000 t,3234.0
Venezuela (Bolivarian Republic of),2020,1000 t,3282.0
Venezuela (Bolivarian Republic of),2021,1000 t,2818.0
Viet Nam,2010,1000 t,5451.0
Viet Nam,2011,1000 t,4573.0
Viet Nam,2012,1000 t,5037.0
Viet Nam,2013,1000 t,4987.0
Viet Nam,2014,1000 t,8925.0
Viet Nam,2015,1000 t,12497.0
Viet Nam,2016,1000 t,17075.0
Viet Nam,2017,1000 t,14568.0
Viet Nam,2018,1000 t,15748.0
Viet Nam,2019,1000 t,17164.0
Viet Nam,2020,1000 t,18790.0
Viet Nam,2021,1000 t,18884.0
Yemen,2010,1000 t,3819.0
Yemen,2011,1000 t,3771.0
Yemen,2012,1000 t,4903.0
Yemen,2013,1000 t,4350.0
Yemen,2014,1000 t,5322.0
Yemen,2015,1000 t,4492.0
Yemen,2016,1000 t,4395.0
Yemen,2017,1000 t,4752.0
Yemen,2018,1000 t,4802.0
Yemen,2019,1000 t,5320.0
Yemen,2020,1000 t,5717.0
Yemen,2021,1000 t,5713.0
Zambia,2010,1000 t,41.0
Zambia,2011,1000 t,66.0
Zambia,2012,1000 t,99.0
Zambia,2013,1000 t,71.0
Zambia,2014,1000 t,53.0
Zambia,2015,1000 t,123.0
Zambia,2016,1000 t,56.0
Zambia,2017,1000 t,128.0
Zambia,2018,1000 t,113.0
Zambia,2019,1000 t,116.0
Zambia,2020,1000 t,132.0
Zambia,2021,1000 t,124.0
Zimbabwe,2010,1000 t,1104.0
Zimbabwe,2011,1000 t,1434.0
Zimbabwe,2012,1000 t,1177.0
Zimbabwe,2013,1000 t,1060.0
Zimbabwe,2014,1000 t,1189.0
Zimbabwe,2015,1000 t,1576.0
Zimbabwe,2016,1000 t,1717.0
Zimbabwe,2017,1000 t,901.0
Zimbabwe,2018,1000 t,743.0
Zimbabwe,2019,1000 t,671.0
Zimbabwe,2020,1000 t,1724.0
Zimbabwe,2021,1000 t,1238.0
